Saudi Arabia ,966,SA,
Kuwait ,965,KW,
Oman ,968,OM,
Bahrain ,973,BH,
United Arab Emirates ,971,AE,
Qatar ,974,QA,
Egypt ,20,EG,
Jordan ,962,JO,
India ,91,IN,
Pakistan ,92,PK,

Canada ,1,CA,
Puerto Rico ,1,PR,
United States ,1,US,
United States Minor Outlying Islands ,1,UM,

Bahamas ,1-242 ,BS,
Barbados ,1-246 ,BB,
Anguilla ,1-264 ,AI,
Antigua and Barbuda ,1-268 ,AG,
British Virgin Islands ,1-284 ,VG,
US Virgin Islands ,1-340 ,VI,
Cayman Islands ,1-345 ,KY,
Bermuda ,1-441 ,BM
Grenada ,1-473 ,GD,
Turks and Caicos Islands ,1-649 ,TC,
Montserrat ,1-664 ,MS,
Northern Mariana Islands ,1-670 ,MP,
Guam ,1-671 ,GU,
American Samoa ,1-684 ,AS,
Sint Maarten (Dutch part) ,1-721 ,SX,
Saint Lucia ,1-758 ,LC,
Dominica ,1-767 ,DM,
Saint Vincent and the Grenadines ,1-784 ,VC,
Dominican Republic ,1-809,DO,
Trinidad and Tobago ,1-868 ,TT,
Saint Kitts and Nevis ,1-869 ,KN,
Jamaica ,1-876 ,JM,

Kazakhstan ,7,KZ,
Russian Federation ,7,RU,
South Africa ,27,ZA,
Greece ,30,GR,
Netherlands ,31,NL,
Belgium ,32,BE,
France ,33,FR,
Spain ,34,ES,
Hungary ,36,HU,
Italy ,39,IT,
Romania ,40,RO,
Switzerland ,41,CH,
Austria ,43,AT,
United Kingdom ,44,GB,
Guernsey ,44,GG,
Isle of Man ,44,IM,
Jersey ,44,JE,
Denmark ,45,DK,
Sweden ,46,SE,
Bouvet Island ,47,BV,
Norway ,47,NO,
Svalbard and Jan Mayen ,47,SJ,
Poland ,48,PL,
Germany ,49,DE,
Peru ,51,PE,
Mexico ,52,MX,
Cuba ,53,CU,
Argentina ,54,AR,
Brazil ,55,BR,
Chile ,56,CL,
Colombia ,57,CO,
Venezuela ,58,VE,
Malaysia ,60,MY,
Australia ,61,AU,
Cocos (Keeling) Islands ,61,CC,
Christmas Island ,61,CX,
Indonesia ,62,ID,
Philippines ,63,PH,
New Zealand ,64,NZ,
Singapore ,65,SG,
Thailand ,66,TH,
Japan ,81,JP,
Korea,82,KR,
Viet Nam ,84,VN,
China ,86,CN,
Turkey ,90,TR,
Afghanistan ,93,AF,
Sri Lanka ,94,LK,
Myanmar ,95,MM,
Iran,98,IR,
South Sudan ,211,SS,
Western Sahara ,212,EH,
Morocco ,212,MA,
Algeria ,213,DZ,
Tunisia ,216,TN,
Libya ,218,LY,
Gambia ,220,GM,
Senegal ,221,SN,
Mauritania ,222,MR,
Mali ,223,ML,
Guinea ,224,GN,
CÃ´te d'Ivoire ,225,CI,
Burkina Faso ,226,BF,
Niger ,227,NE,
Togo ,228,TG,
Benin ,229,BJ,
Mauritius ,230,MU,
Liberia ,231,LR,
Sierra Leone ,232,SL,
Ghana ,233,GH,
Nigeria ,234,NG,
Chad ,235,TD,
Central African Republic ,236,CF,
Cameroon ,237,CM,
Cape Verde ,238,CV,
Sao Tome and Principe ,239,ST,
Equatorial Guinea ,240,GQ,
Gabon ,241,GA,
Congo ,242,CG,
Democratic Republic of the Congo ,243,CD,
Angola ,244,AO,
Guinea-Bissau,245,GW,
British Indian Ocean Territory ,246,IO,
Seychelles ,248,SC,
Sudan ,249,SD,
Rwanda ,250,RW,
Ethiopia ,251,ET,
Somalia ,252,SO,
Djibouti ,253,DJ,
Kenya ,254,KE,
United Republic of Tanzania ,255,TZ,
Uganda ,256,UG,
Burundi ,257,BI,
Mozambique ,258,MZ,
Zambia ,260,ZM,
Madagascar ,261,MG,
Reunion ,262,RE,
French Southern Territories ,262,TF,
Mayotte ,262,YT,
Zimbabwe ,263,ZW,
Namibia ,264,NA,
Malawi ,265,MW,
Lesotho ,266,LS,
Botswana ,267,BW,
Swaziland ,268,SZ,
Comoros ,269,KM,
Saint Helena ,290,SH,
Eritrea ,291,ER,
Aruba ,297,AW,
Faroe Islands ,298,FO,
Greenland ,299,GL,
Gibraltar ,350,GI,
Portugal ,351,PT,
Luxembourg ,352,LU,
Ireland ,353,IE,
Iceland ,354,IS,
Albania ,355,AL,
Malta ,356,MT,
Cyprus ,357,CY,
Aland Islands,358,AX,
Finland ,358,FI,
Bulgaria ,359,BG,
Lithuania ,370,LT,
Latvia ,371,LV,
Estonia ,372,EE,
Moldova,373,MD,
Armenia ,374,AM,
Belarus ,375,BY,
Andorra ,376,AD,
Monaco ,377,MC,
San Marino ,378,SM,
Holy See (Vatican City State) ,379,VA,
Ukraine ,380,UA,
Serbia ,381,RS,
Montenegro ,382,ME,
Croatia ,385,HR,
Slovenia ,386,SI,
Bosnia and Herzegovina ,387,BA,
Macedonia,389,MK,
Czech Republic ,420,CZ,
Slovakia ,421,SK,
Liechtenstein ,423,LI,
Falkland Islands (Malvinas) ,500,FK,
South Georgia and the South Sandwich Islands ,500,GS,
Belize ,501,BZ,
Guatemala ,502,GT,
El Salvador ,503,SV,
Honduras ,504,HN,
Nicaragua ,505,NI,
Costa Rica ,506,CR,
Panama ,507,PA,
Saint Pierre and Miquelon ,508,PM,
Haiti ,509,HT,
Saint Barthelemy ,590,BL,
Guadeloupe ,590,GP,
Saint Martin (French part) ,590,MF,
Bolivia ,591,BO,
Guyana ,592,GY,
Ecuador ,593,EC,
French Guiana ,594,GF,
Paraguay ,595,PY,
Martinique ,596,MQ,
Suriname ,597,SR,
Uruguay ,598,UY,
Bonaire ,599,BQ,
CuraÃ§ao ,599,CW,
Timor-Leste ,670,TL,
Antarctica ,672,AQ,
Heard Island and McDonald Mcdonald Islands ,672,HM,
Norfolk Island ,672,NF,
Brunei Darussalam ,673,BN,
Nauru ,674,NR,
Papua New Guinea ,675,PG,
Tonga ,676,TO,
Solomon Islands ,677,SB,
Vanuatu ,678,VU,
Fiji ,679,FJ,
Palau ,680,PW,
Wallis and Futuna ,681,WF,
Cook Islands ,682,CK,
Niue ,683,NU,
Samoa ,685,WS,
Kiribati ,686,KI,
New Caledonia ,687,NC,
Tuvalu ,688,TV,
French Polynesia ,689,PF,
Tokelau ,690,TK,
Micronesia,691,FM,
Marshall Islands ,692,MH,
North Korea,850,KP,
Hong Kong ,852,HK,
Macao ,853,MO,
Cambodia ,855,KH,
Laos ,856,LA,
Pitcairn ,870,PN,
Bangladesh ,880,BD,
Taiwan,886,TW,
Maldives ,960,MV,
Lebanon ,961,LB,
Syrian Arab Republic ,963,SY,
Iraq ,964,IQ,
Yemen ,967,YE,
Palestine,970,PS,
Israel ,972,IL,
Bhutan ,975,BT,
Mongolia ,976,MN,
Nepal ,977,NP,
Tajikistan ,992,TJ,
Turkmenistan ,993,TM,
Azerbaijan ,994,AZ,
Georgia ,995,GE,
Kyrgyzstan ,996,KG,
Uzbekistan ,998,UZ,








